"Shoping Cart","Shoping Cart"
"item","item"
"items","items"
"You may also be interested in the following product(s)","You Might Also Like"
"Previous Product","Previous Product"
"Next Product","Next Product"
"SKU:","SKU:"
"Add Tags","Add"
"Read more","Read more"
"Previous Post","Previous Post"
"Next Post","Next Post"
"Toggle Block Social","Toggle Block Social"
"Load more product","Load more product"
"Sign Up for Our Newsletter:","Sign Up for Our Newsletter to receive latest news and events."
"Sign up for your email ...","Enter your email address"
"QUICK SHOP","QUICK VIEW"